random_forest_weight,weighted_mlp_weight,ft_transformer_weight,tabnet_v1_weight,rows,positive_rate_actual,positive_rate_predicted,average_probability,roc_auc,average_precision,log_loss,brier_score,accuracy,balanced_accuracy,precision,recall,f1,threshold
0.7,0.0,0.1,0.2,19980,0.10490490490490491,0.3677177177177177,0.4625180257569368,0.6770187828345863,0.22878014982370515,0.6317494735837937,0.22027881069972757,0.6539039039039038,0.6314585001562231,0.17204301075268819,0.6030534351145038,0.2677115323520068,0.5
0.6,0.0,0.1,0.3,19980,0.10490490490490491,0.41136136136136137,0.4740374423776307,0.6766718428003368,0.22818941509550167,0.649947421127617,0.2291146592469086,0.618968968968969,0.6302653252256698,0.16437522812994282,0.6445610687022901,0.26194861851672324,0.5
0.8,0.0,0.1,0.1,19980,0.10490490490490491,0.32707707707707706,0.45099860913624296,0.6740829845347711,0.22669379759674793,0.6150410161353044,0.21220999859884015,0.6880380380380381,0.6368373645426592,0.18347360367253251,0.5720419847328244,0.2778357084926428,0.5
0.5,0.0,0.1,0.4,19980,0.10490490490490491,0.45990990990990993,0.48555685899832446,0.673821652387481,0.225685094572102,0.6697540562277547,0.2387175442403833,0.5779279279279279,0.6231341802387225,0.15518554793775166,0.6803435114503816,0.25272485600354455,0.5
0.7,0.0,0.0,0.3,19980,0.10490490490490491,0.39444444444444443,0.46965516193740797,0.6736793549524416,0.21998625226193078,0.6430723569944422,0.22574918488590492,0.6317817817817818,0.6287883023932006,0.16622256058875778,0.625,0.26260398917510275,0.5
0.6,0.1,0.1,0.2,19980,0.10490490490490491,0.3943943943943944,0.46799225553872914,0.6735248659298857,0.23027347593607847,0.6409658723501979,0.2247594328921528,0.6314314314314314,0.6277502300661941,0.16573604060913705,0.6230916030534351,0.26182838813151565,0.5
0.8,0.0,0.0,0.2,19980,0.10490490490490491,0.348998998998999,0.45813574531671414,0.6731322808053939,0.21910418916517554,0.6255371140919057,0.2172102475094566,0.6692192192192192,0.6328535165553755,0.17639466513695684,0.5868320610687023,0.27125372146873966,0.5
0.5,0.1,0.1,0.3,19980,0.10490490490490491,0.43723723723723723,0.47951167215942303,0.6730955459782381,0.22972567641651317,0.6596937729379931,0.23384243460316587,0.595995995995996,0.6235397839511969,0.15796703296703296,0.6583969465648855,0.2548005908419498,0.5
0.6,0.0,0.2,0.2,19980,0.10490490490490491,0.3911411411411411,0.4669003061971594,0.6725871007561879,0.22678686110621854,0.6407405427173039,0.2247371068155793,0.6355855855855855,0.6319660650229384,0.16826615483045426,0.6273854961832062,0.26536171930178587,0.5
0.5,0.0,0.2,0.3,19980,0.10490490490490491,0.4315315315315315,0.4784197228178532,0.6722062803802622,0.22573027644272264,0.6597524112969781,0.23386986653349304,0.6014014014014014,0.6259274676840231,0.15970772442588727,0.6569656488549618,0.256950923679791,0.5
0.7,0.1,0.1,0.1,19980,0.10490490490490491,0.3515015015015015,0.45647283891803536,0.6711469461380466,0.22839385019318503,0.6237580952818917,0.21644346762743336,0.6665165165165166,0.630922603854185,0.17485405097536666,0.5858778625954199,0.26932777716854917,0.5
0.6,0.0,0.0,0.4,19980,0.10490490490490491,0.44374374374374376,0.48117457855810186,0.6710683010614631,0.21846848348793496,0.6621631274865891,0.23505515870864688,0.5911911911911912,0.6244358789723767,0.1575682382133995,0.6665076335877863,0.2548804962598066,0.5
0.7,0.0,0.2,0.1,19980,0.10490490490490491,0.3531031031031031,0.4553808895764656,0.6706774766476411,0.22590418680758312,0.6232886890433961,0.21637138354395907,0.6654154154154154,0.631360487262272,0.17476966690290574,0.5882633587786259,0.26947874549229595,0.5
0.4,0.1,0.1,0.4,19980,0.10490490490490491,0.48663663663663664,0.49103108878011686,0.6705611096788293,0.22755692739184047,0.6800704958537036,0.24369247276047257,0.554004004004004,0.615666846223585,0.14954232232849943,0.6937022900763359,0.2460445046112192,0.5
0.6,0.1,0.0,0.3,19980,0.10490490490490491,0.4216716716716717,0.47512939171920043,0.6703187985422596,0.2215525973108261,0.652417255439132,0.23030497338064493,0.6092592592592593,0.6261050326873268,0.16106824925816024,0.6474236641221374,0.2579602699363178,0.5
0.7,0.1,0.0,0.2,19980,0.10490490490490491,0.37462462462462465,0.46360997509850654,0.6701224259477104,0.22094046956236044,0.6343636604977192,0.2215188828403646,0.6478978978978979,0.6299988710109766,0.17007348029392116,0.6073473282442748,0.26573426573426573,0.5
0.4,0.0,0.2,0.4,19980,0.10490490490490491,0.4741741741741742,0.489939139438547,0.6700796886978168,0.2239612857912235,0.6804649134081873,0.24376966269770042,0.5652652652652652,0.6194302852479336,0.15220603757652523,0.6879770992366412,0.24926534140017287,0.5
0.5,0.1,0.2,0.2,19980,0.10490490490490491,0.41266266266266266,0.4723745359789518,0.6694976937891519,0.2282064710426666,0.6504198943160198,0.22938971586952173,0.6157657657657658,0.6244747746717182,0.16155245603395998,0.6354961832061069,0.257615317667537,0.5
0.4,0.0,0.1,0.5,19980,0.10490490490490491,0.5116116116116116,0.4970762756190183,0.6694685086759284,0.22208047203332199,0.6913282197742063,0.24908746568015155,0.5333333333333333,0.6131756540453235,0.1464488358442575,0.7142175572519084,0.24305893813930832,0.5
0.4,0.1,0.2,0.3,19980,0.10490490490490491,0.4545045045045045,0.4838939525996457,0.6691046818257096,0.22806231584827646,0.6699867721698913,0.23876962875126753,0.5811311311311311,0.6202904724424236,0.15460852329038652,0.6698473282442748,0.2512302048850318,0.5
0.5,0.2,0.1,0.2,19980,0.10490490490490491,0.4186186186186186,0.47346648532052166,0.668885179895544,0.22983864250967925,0.6509356600203867,0.22961419179922135,0.6096096096096096,0.6206147633348756,0.15901482544237208,0.6345419847328244,0.25430210325047803,0.5
0.4,0.2,0.1,0.3,19980,0.10490490490490491,0.4615615615615616,0.4849859019412153,0.668511509072035,0.22933604373846814,0.6702358993868414,0.23894434667406642,0.5731731731731732,0.6139498331913382,0.1512687052700065,0.6655534351145038,0.24650998409613006,0.5
0.9,0.0,0.0,0.1,19980,0.10490490490490491,0.3054054054054054,0.44661632869602036,0.6684732002762501,0.2137825667287292,0.6094524304377139,0.20943834657930185,0.7034034034034033,0.6321531805477538,0.18616846935431006,0.5419847328244275,0.2771407660404977,0.5
0.6,0.1,0.2,0.1,19980,0.10490490490490491,0.37287287287287285,0.46085511935825796,0.6678917655937073,0.2273406333682162,0.6324504287975864,0.22077683943406956,0.6482482482482482,0.627246293330556,0.16899328859060403,0.6006679389312977,0.26377540331028704,0.5
0.5,0.1,0.0,0.4,19980,0.10490490490490491,0.47257257257257257,0.4866488083398942,0.6677485611258988,0.2201551949155361,0.6720611346862612,0.23985810036721897,0.5656656656656657,0.617126848852913,0.15145096377886041,0.6822519083969466,0.24787658172993587,0.5
0.9,0.0,0.1,0.0,19980,0.10490490490490491,0.2897897897897898,0.43947919251554907,0.6675043558914873,0.22076222400708037,0.599735521751372,0.20490822294424627,0.7144144144144144,0.6286167131352004,0.18825561312607944,0.5200381679389313,0.2764392594471215,0.5
0.3,0.1,0.2,0.4,19980,0.10490490490490491,0.4944944944944945,0.4954133692203394,0.6672370746763281,0.22770602492423478,0.6913027642093429,0.2489165780793069,0.5468468468468468,0.6131430008656293,0.1478744939271255,0.6970419847328244,0.2439879759519038,0.5
0.6,0.2,0.1,0.1,19980,0.10490490490490491,0.3756256256256256,0.46194706869982777,0.6669088355235863,0.2283784060750222,0.6331955795977398,0.22105107337066981,0.645995995995996,0.6270411438600925,0.16842105263157894,0.6030534351145038,0.2633059056348297,0.5
0.3,0.0,0.2,0.5,19980,0.10490490490490491,0.512962962962963,0.5014585560592408,0.6666657774188536,0.22154293087617946,0.7030663645927484,0.2544364953082014,0.5310810810810811,0.61002222123575,0.14518489608742316,0.7099236641221374,0.24106925880923452,0.5
0.3,0.1,0.1,0.5,19980,0.10490490490490491,0.534084084084084,0.5025505054008106,0.6665402600900459,0.22501855889072203,0.7022669008529745,0.2543095473640728,0.5127627627627628,0.6056861777596418,0.14206728516540157,0.7232824427480916,0.23748727187279706,0.5
0.5,0.0,0.0,0.5,19980,0.10490490490490491,0.4978978978978979,0.49269399517879564,0.6663619214411449,0.21551193043882683,0.6829499526299887,0.24512816897768236,0.5437437437437438,0.6120413828899045,0.1471652593486128,0.6984732824427481,0.2431086017934241,0.5
0.8,0.1,0.0,0.1,19980,0.10490490490490491,0.330980980980981,0.45209055847781277,0.6663461017225513,0.21755429901377682,0.617786520545885,0.21349982874637788,0.6831331331331332,0.6319915686502158,0.1797973688189929,0.5672709923664122,0.27305086691927893,0.5
0.3,0.2,0.1,0.4,19980,0.10490490490490491,0.5093593593593594,0.4965053185619092,0.6662732456492306,0.22789037484480598,0.6912367062599777,0.24904153799520512,0.5328828828828829,0.607238057473011,0.14444335265795422,0.7013358778625954,0.23955023221706184,0.5
0.8,0.0,0.2,0.0,19980,0.10490490490490491,0.3160660660660661,0.4438614729557718,0.6660092991133701,0.22267761818210988,0.6072942385455091,0.20877269671863255,0.6929429429429429,0.6267311520724739,0.18020585906571654,0.5429389312977099,0.2705980263940079,0.5
0.5,0.2,0.0,0.3,19980,0.10490490490490491,0.447997997997998,0.4806036215009928,0.6657461795779758,0.22162189933014242,0.6625293189368081,0.2352348985900283,0.584934934934935,0.6167293017256245,0.15383756004915652,0.6569656488549618,0.24929845206843487,0.5
0.6,0.2,0.0,0.2,19980,0.10490490490490491,0.4015015015015015,0.4690842048802989,0.6656978400668601,0.22090107355984154,0.6439212831345661,0.22620165488591595,0.6249249249249249,0.6253792464072966,0.16355023684866618,0.6259541984732825,0.2593397904724254,0.5
0.8,0.1,0.1,0.0,19980,0.10490490490490491,0.3117117117117117,0.4449534222973416,0.665565733411758,0.22385004695695288,0.6079760224037379,0.20889453880900746,0.6967967967967968,0.62783095598266,0.1819203596660244,0.5405534351145038,0.27222489187890436,0.5
0.4,0.2,0.2,0.2,19980,0.10490490490490491,0.4331331331331331,0.47784876576074414,0.6654773243941874,0.22831121909018798,0.6608924135010145,0.23441646163810748,0.5960960960960962,0.6151720331705085,0.15484169170325862,0.6393129770992366,0.24930232558139534,0.5
0.3,0.2,0.2,0.3,19980,0.10490490490490491,0.476026026026026,0.489368182381438,0.6652173794734856,0.22984741517799853,0.6810661226940028,0.24404352768368526,0.561011011011011,0.6119996593825177,0.14909052675849016,0.6765267175572519,0.24433531489618335,0.5
0.5,0.0,0.3,0.2,19980,0.10490490490490491,0.42017017017017017,0.47128258663738193,0.6647617555715288,0.2223331267137651,0.6527335998414826,0.23058513585701174,0.6084584584584585,0.6208140971246421,0.1589041095890411,0.6364503816793893,0.2543132208559718,0.5
0.4,0.0,0.3,0.3,19980,0.10490490490490491,0.4522022022022022,0.4828020032580758,0.6644789747669886,0.22091961994790427,0.6727566986026261,0.2400148067456582,0.5822322322322322,0.6183784473647818,0.15406751521859435,0.6641221374045801,0.2501122989848172,0.5
0.2,0.1,0.2,0.5,19980,0.10490490490490491,0.5337837837837838,0.5069327858410333,0.6640830282857635,0.22477206692932794,0.7145707643831007,0.25983056385363984,0.5120620620620621,0.6031888497714705,0.14120956399437412,0.7185114503816794,0.23603165896089648,0.5
0.5,0.2,0.2,0.1,19980,0.10490490490490491,0.3928928928928929,0.46632934914005025,0.6640705966013376,0.22732878915317012,0.6423648799885496,0.22555643203882322,0.6303303303303304,0.6216597717948236,0.16305732484076432,0.6106870229007634,0.2573899054896441,0.5
0.3,0.0,0.1,0.6,19980,0.10490490490490491,0.5590590590590591,0.508595692239712,0.6638901771125539,0.21773100798276923,0.7148800804571657,0.26022442356621334,0.49099099099099097,0.6002634023161989,0.13858549686660698,0.7385496183206107,0.23337856173677068,0.5
0.7,0.1,0.2,0.0,19980,0.10490490490490491,0.33458458458458457,0.44933570273756407,0.6638677413902315,0.2245201254207345,0.6159669499779149,0.2129309994449109,0.6775275275275275,0.6246484447696008,0.17486910994764399,0.5577290076335878,0.2662566905819383,0.5
0.4,0.3,0.1,0.2,19980,0.10490490490490491,0.4415415415415415,0.4789407151023139,0.6636149726993807,0.22821272132462675,0.6617013109752519,0.23484308742093307,0.5886886886886887,0.6131401730575841,0.1530265245975969,0.6440839694656488,0.24729803993405386,0.5
0.2,0.2,0.2,0.4,19980,0.10490490490490491,0.5167667667667668,0.5008875990021319,0.6635539880843638,0.22787302914573965,0.703052024164681,0.25443763017555665,0.5263763763763764,0.6054988488153512,0.14324455205811137,0.7056297709923665,0.23814507688591902,0.5
0.4,0.1,0.0,0.5,19980,0.10490490490490491,0.5260760760760761,0.49816822496058805,0.6634157989742205,0.21729221776021201,0.6934467139573535,0.25017826380008645,0.51996996996997,0.6080273894017596,0.14346874702692416,0.7194656488549618,0.2392321726025224,0.5
0.4,0.2,0.0,0.4,19980,0.10490490490490491,0.49769769769769767,0.4921230381216867,0.6633978984157446,0.22014380124496982,0.6827724904508403,0.2450351787404343,0.5432432432432432,0.6102876617079362,0.14652051488334675,0.6951335877862596,0.2420265780730897,0.5
0.3,0.3,0.1,0.3,19980,0.10490490490490491,0.4833833833833834,0.49046013172300773,0.6633873875065948,0.22819937771800292,0.6816241849437062,0.24442039545961014,0.5540540540540541,0.6089558708282895,0.14723545247463243,0.6784351145038168,0.24196018376722817,0.5
0.6,0.0,0.3,0.1,19980,0.10490490490490491,0.3865365365365365,0.4597631700166882,0.6632622703393027,0.2205245683093775,0.6343819896803259,0.2219225014146588,0.6354854854854854,0.6220123407677296,0.16418490224006216,0.6049618320610687,0.25827477339851307,0.5
0.3,0.0,0.3,0.4,19980,0.10490490490490491,0.48673673673673673,0.4943214198787696,0.6629308298944342,0.21790270225414848,0.6946251390927709,0.2502115140805983,0.5524024024024023,0.6116133167776732,0.14796915167095115,0.6865458015267175,0.2434650198798748,0.5
0.2,0.2,0.1,0.5,19980,0.10490490490490491,0.5547547547547548,0.508024735182603,0.6626715252321577,0.22659290525686465,0.7141244267707978,0.25990576576263735,0.4937937937937938,0.5986701725795244,0.13830747022735473,0.7313931297709924,0.23262518968133536,0.5
0.7,0.2,0.0,0.1,19980,0.10490490490490491,0.35695695695695695,0.4575647882596051,0.6625307217334442,0.21820437018595373,0.6268240247361957,0.2179354476280971,0.6612612612612613,0.6284082023080035,0.17246214245653393,0.5868320610687023,0.2665799739921977,0.5
0.4,0.1,0.3,0.2,19980,0.10490490490490491,0.43648648648648647,0.4767568164191744,0.6623365100110807,0.22476379207569272,0.6629726359499951,0.23540973177247138,0.5943443443443444,0.6175629715503304,0.15548675610595114,0.6469465648854962,0.2507164648238883,0.5
0.2,0.0,0.2,0.6,19980,0.10490490490490491,0.5511011011011011,0.5129779726799346,0.6623092189956991,0.216463761651859,0.7278092986893787,0.2658703643649959,0.49794794794794794,0.6020436408679515,0.13967850331486695,0.7337786259541985,0.23468375677119097,0.5
0.7,0.2,0.1,0.0,19980,0.10490490490490491,0.33633633633633636,0.4504276520791339,0.6621661479150626,0.22466573931480663,0.6169119853845489,0.2132549913884119,0.6761761761761762,0.624735946754402,0.17455357142857142,0.5596374045801527,0.2661070780399274,0.5
0.3,0.1,0.3,0.3,19980,0.10490490490490491,0.46991991991991994,0.4882762330398682,0.6620671479560389,0.2232276324647472,0.683593821245427,0.24508655582494984,0.5667167167167168,0.6143444991557125,0.1506017680264139,0.674618320610687,0.24623421854592947,0.5
0.5,0.3,0.1,0.1,19980,0.10490490490490491,0.4028528528528528,0.4674212984816201,0.6618278780469898,0.22701053945762495,0.6433894848726828,0.22603281582854956,0.6215715715715716,0.6192942303325417,0.16051683438936515,0.6164122137404581,0.2547067520946279,0.5
0.2,0.3,0.1,0.4,19980,0.10490490490490491,0.5274774774774775,0.5019795483437016,0.6614201134623297,0.22806238180431365,0.7033131694786587,0.2547647399445809,0.5165665665665665,0.6019144153757634,0.1411898662112155,0.7099236641221374,0.23553620894341115,0.5
0.2,0.1,0.1,0.6,19980,0.10490490490490491,0.5787287287287287,0.5140699220215045,0.6613564344264394,0.22238840962494652,0.7265091341353038,0.26569365841396664,0.4739239239239239,0.5962051242869656,0.136123843293263,0.7509541984732825,0.23047075188520388,0.5
0.5,0.1,0.3,0.1,19980,0.10490490490490491,0.4021021021021021,0.4652373997984805,0.66109857034562,0.22389491145701423,0.6440705405157929,0.22649994416628647,0.6216216216216216,0.617848046614228,0.15994523276076675,0.6130725190839694,0.25370187561697927,0.5
0.3,0.3,0.2,0.2,19980,0.10490490490490491,0.45675675675675675,0.48332299554253655,0.6609732664362874,0.22893629552242806,0.6722093283954451,0.2398173441213364,0.5740740740740741,0.6062400012975904,0.14858645627876396,0.6469465648854962,0.24166815184459098,0.5
0.2,0.3,0.2,0.3,19980,0.10490490490490491,0.49769769769769767,0.4948424121632303,0.6608296084520942,0.22846666994525544,0.6930517620143571,0.2496915633307462,0.5403403403403403,0.6025589421906399,0.14360418342719228,0.6812977099236641,0.2372093023255814,0.5
0.1,0.2,0.2,0.5,19980,0.10490490490490491,0.5545045045045045,0.5124070156228256,0.660739305336682,0.225148133273188,0.727072786517184,0.26559876911372166,0.49384384384384383,0.5982769471966072,0.1381893672714144,0.7304389312977099,0.23240986717267553,0.5
0.2,0.1,0.3,0.4,19980,0.10490490490490491,0.5032532532532532,0.4997956496605621,0.6606896586312812,0.22130631335428586,0.7061222559560139,0.255530416323722,0.5376876876876877,0.6071843291201484,0.14490303331675783,0.6951335877862596,0.23981565303267222,0.5
0.6,0.2,0.2,0.0,19980,0.10490490490490491,0.35685685685685686,0.4548099325193566,0.6606244323041962,0.22504433011235783,0.6253612817847353,0.21746343888583258,0.6587587587587588,0.6215349214018757,0.1688639551192146,0.5744274809160306,0.26100151745068284,0.5
0.2,0.0,0.3,0.5,19980,0.10490490490490491,0.5161661661661662,0.5058408364994634,0.6605116667890271,0.21424126010575817,0.7185755887567745,0.26117525786183193,0.526976976976977,0.6058343442302472,0.1434112285464947,0.7056297709923665,0.2383753727133532,0.5
0.4,0.3,0.0,0.3,19980,0.10490490490490491,0.4731731731731732,0.4860778512827852,0.6603981276282609,0.22031861930061555,0.6734520512948335,0.24053896051405488,0.5640640640640641,0.6141262777423976,0.15020097313306538,0.6774809160305344,0.24588744588744588,0.5
0.4,0.0,0.0,0.6,19980,0.10490490490490491,0.5498498498498499,0.5042134117994894,0.6603374898198912,0.2109011035335336,0.7056182490887494,0.2559682156930115,0.498998998998999,0.6022095745098608,0.13981430912069906,0.732824427480916,0.23482647913163124,0.5
0.5,0.3,0.0,0.2,19980,0.10490490490490491,0.427977977977978,0.4745584346620914,0.6603210031654376,0.22000193288031283,0.6542466537221489,0.23125856364611047,0.6015515515515516,0.6188512248570517,0.15705765407554673,0.6407442748091603,0.2522776368930215,0.5
0.1,0.1,0.2,0.6,19980,0.10490490490490491,0.5711211211211211,0.5184522024617271,0.6600402231684768,0.2209470142249419,0.7400634682637727,0.2715115860742664,0.4805305305305305,0.5977896571800287,0.13706073087371834,0.7461832061068703,0.2315836233064337,0.5
0.7,0.0,0.3,0.0,19980,0.10490490490490491,0.35445445445445445,0.4482437533959943,0.6597263364754371,0.21832636353489976,0.6175757468761696,0.21402690341859948,0.6596596596596597,0.6188792895180305,0.16789042643321095,0.5672709923664122,0.2590978426672478,0.5
0.4,0.3,0.2,0.1,19980,0.10490490490490491,0.4146646646646647,0.47180357892184277,0.6596246687729745,0.22636958176287433,0.6530753733577281,0.23071016135822017,0.6096596596596596,0.6124296462700252,0.15582377791188895,0.6159351145038168,0.2487236297081206,0.5
0.3,0.2,0.0,0.5,19980,0.10490490490490491,0.5472972972972973,0.5036424547423805,0.6593644570779288,0.21732633916468372,0.7048157336655119,0.2556024953371338,0.5003503503503504,0.6004373391884255,0.13936899862825788,0.7270992366412213,0.233903767937994,0.5
0.1,0.3,0.2,0.4,19980,0.10490490490490491,0.5353853853853854,0.5063618287839241,0.659361255785802,0.22686728874335504,0.7157874280085027,0.26033281898644967,0.5100600600600601,0.6012281650535001,0.14041319996260634,0.7166030534351145,0.2348159149534902,0.5
1.0,0.0,0.0,0.0,19980,0.10490490490490491,0.2726726726726727,0.4350969120753266,0.6592634563113261,0.20204551541697735,0.594743373287332,0.2024334820954407,0.726926926926927,0.6259189842598869,0.19162995594713655,0.49809160305343514,0.2767762460233298,0.5
0.3,0.2,0.3,0.2,19980,0.10490490490490491,0.45245245245245247,0.4822310462009667,0.6592513447561128,0.2247354288754254,0.6740675887287741,0.2406084644025743,0.5798798798798799,0.6126419986477742,0.15165929203539824,0.6541030534351145,0.24622844827586207,0.5
0.2,0.2,0.3,0.3,19980,0.10490490490490491,0.48703703703703705,0.4937504628216606,0.6590638290697814,0.22389898949735831,0.6953534672066408,0.2505324416188848,0.5512012012012012,0.6090470009441677,0.14695303668687698,0.6822519083969466,0.24181956540120064,0.5
0.9,0.1,0.0,0.0,19980,0.10490490490490491,0.2948948948948949,0.44057114185711893,0.6586621202627279,0.20943084209912027,0.6026032693192861,0.20624781109868473,0.7094094094094094,0.6260315096781464,0.1851663272233537,0.5205152671755725,0.27315973960941414,0.5
0.1,0.1,0.3,0.5,19980,0.10490490490490491,0.535035035035035,0.5113150662812558,0.6584418446869649,0.2186588977522739,0.7308144614452465,0.26674131326878764,0.5095095095095095,0.5990253025861318,0.13966323666978483,0.7123091603053435,0.23353668074456438,0.5
0.3,0.3,0.0,0.4,19980,0.10490490490490491,0.5178678678678679,0.49759726790347897,0.6583208891994379,0.21899235666575317,0.6943491567008276,0.25058639382829284,0.5246746746746747,0.6032847284706702,0.1423601043780806,0.7027671755725191,0.23675962388491523,0.5
0.1,0.3,0.1,0.5,19980,0.10490490490490491,0.5716216216216217,0.5134989649643955,0.6581940379989107,0.22583916819576128,0.7269747732947381,0.26587612087584517,0.4789289289289289,0.5945784944024339,0.13597758515016198,0.7409351145038168,0.2297847155433898,0.5
0.4,0.2,0.3,0.1,19980,0.10490490490490491,0.4183683683683684,0.47071162958027296,0.6581602376895379,0.22470434462428773,0.6545634615339408,0.23145152363255736,0.6074574574574575,0.6143583714215957,0.1562387845436057,0.6230916030534351,0.24983261597321857,0.5
0.6,0.1,0.3,0.0,19980,0.10490490490490491,0.37027027027027026,0.4537179831777867,0.658030265229187,0.22070649825215588,0.6267506308734164,0.21835719300639514,0.6463463463463464,0.6167072661648179,0.16409840497431738,0.5791984732824428,0.25574046766378766,0.5
0.1,0.2,0.1,0.6,19980,0.10490490490490491,0.5965465465465466,0.5195441518032968,0.6579955578870448,0.22321090910568855,0.7391467210585644,0.27153702997636314,0.45780780780780783,0.5907827223276041,0.13348435271415388,0.7590648854961832,0.22704245451302177,0.5
0.3,0.4,0.1,0.2,19980,0.10490490490490491,0.4633133133133133,0.4844149448841063,0.6579831528800532,0.22632225814092088,0.6733159545768508,0.24044611975728808,0.5693193193193193,0.6073746459370908,0.1484282164848223,0.6555343511450382,0.24205055932352681,0.5
0.2,0.4,0.1,0.3,19980,0.10490490490490491,0.5031031031031031,0.4959343615048001,0.6578987721550758,0.22728365784962248,0.6939217965216146,0.25027058095979726,0.536036036036036,0.6024710667217573,0.14315559092717867,0.6865458015267175,0.2369114257490945,0.5
0.1,0.2,0.3,0.4,19980,0.10490490490490491,0.5206706706706706,0.5052698794423544,0.6578659855882096,0.22212355292841165,0.7186288891838024,0.26122345528148894,0.5215715715715715,0.6009195604924698,0.14130539267518985,0.7013358778625954,0.23521881750540044,0.5
0.3,0.1,0.0,0.6,19980,0.10490490490490491,0.5734734734734734,0.5096876415812819,0.6578273566632122,0.21311280080935596,0.7167735312451989,0.2612654636792476,0.4781781781781782,0.5964756334716861,0.13649851632047477,0.7461832061068703,0.23078058137819094,0.5
0.6,0.3,0.1,0.0,19980,0.10490490490490491,0.3617617617617618,0.45590188186092623,0.6576895410371504,0.22415994116730883,0.6265739380754562,0.21798958068245963,0.6552552552552553,0.6225261481540922,0.16851134477033758,0.5811068702290076,0.26126126126126126,0.5
0.6,0.3,0.0,0.1,19980,0.10490490490490491,0.38368368368368366,0.4630390180413975,0.6576466437226502,0.21769283077939366,0.6365958583903748,0.22274520322445968,0.6383383383383383,0.6236059439884856,0.1654056874510827,0.6049618320610687,0.25978283138701086,0.5
0.2,0.0,0.1,0.7,19980,0.10490490490490491,0.6029529529529529,0.5201151088604059,0.6575671983230352,0.21244513175460422,0.7406902593466845,0.2721284178985688,0.4524024024024024,0.5898691802643328,0.13289615671951524,0.7638358778625954,0.22640175351764125,0.5
0.1,0.0,0.3,0.6,19980,0.10490490490490491,0.5488988988988989,0.5173602531201573,0.6574518450967303,0.20982162793831208,0.7449344644124755,0.27290603808935926,0.49904904904904906,0.6003422074573886,0.13923588948664176,0.728530534351145,0.23379009415907526,0.5
0.1,0.0,0.2,0.7,19980,0.10490490490490491,0.5888888888888889,0.5244973893006285,0.6573191515380714,0.21053506007679437,0.7550386881839675,0.27807126986808406,0.4645645645645646,0.5926617207414705,0.13445520992690804,0.7547709923664122,0.22824989179050642,0.5
0.0,0.2,0.2,0.6,19980,0.10490490490490491,0.58998998998999,0.5239264322435194,0.6570677567350918,0.22225009727149214,0.7534299536081162,0.2775269444981802,0.46266266266266265,0.5899145852576656,0.1335256192738378,0.7509541984732825,0.22673581100547394,0.5
0.0,0.3,0.2,0.5,19980,0.10490490490490491,0.5702202202202202,0.517881245404618,0.6568378105893621,0.224612759168578,0.7406660843278627,0.2717411110884467,0.4793293293293293,0.592696241341572,0.135434038444659,0.7361641221374046,0.22877900511527913,0.5
0.4,0.0,0.4,0.2,19980,0.10490490490490491,0.4446946946946947,0.47566486707760464,0.6567166950372288,0.21504946799561153,0.6680886455148829,0.2378228978240249,0.5848348348348348,0.6095132691424464,0.15115362971299945,0.6407442748091603,0.2446043165467626,0.5
0.3,0.0,0.4,0.3,19980,0.10490490490490491,0.47017017017017015,0.4871842836982984,0.6566428518988358,0.21286190198755556,0.6893932905047382,0.2475494798834041,0.563963963963964,0.6075420201604573,0.14786033638492654,0.6626908396946565,0.24177545691906005,0.5
0.5,0.3,0.2,0.0,19980,0.10490490490490491,0.37792792792792795,0.46028416230114894,0.6566125996882368,0.2242406625361521,0.6355141203375994,0.22237001504139753,0.6401901901901902,0.6164273131683231,0.16275989935107932,0.586354961832061,0.2547942365502229,0.5
0.1,0.4,0.1,0.4,19980,0.10490490490490491,0.5454954954954955,0.507453778125494,0.6562987129951972,0.2267190979254347,0.7163763498746215,0.26086207860859995,0.5008508508508509,0.5979792270288082,0.1386365721625837,0.7208969465648855,0.23255098114659484,0.5
0.4,0.4,0.1,0.1,19980,0.10490490490490491,0.4257757757757758,0.4728955282634125,0.656280812436721,0.22501303017565935,0.6543850386208362,0.23138869500107256,0.6011511511511511,0.6131521779030598,0.15481368284941813,0.6283396946564885,0.24842025841742904,0.5
0.2,0.4,0.2,0.2,19980,0.10490490490490491,0.4766766766766767,0.4887972253243289,0.6562296184401255,0.22716144047825748,0.6844351720311126,0.24559236331920867,0.5561561561561561,0.6004428880947787,0.14447711045779085,0.6564885496183206,0.2368330464716007,0.5
0.1,0.4,0.2,0.3,19980,0.10490490490490491,0.5128628628628629,0.5003166419450228,0.6561910428699969,0.22674461594119943,0.7060215978321996,0.2557137356924505,0.5263763763763764,0.5972857737992594,0.14052893529813604,0.6870229007633588,0.23333063274730617,0.5
0.8,0.2,0.0,0.0,19980,0.10490490490490491,0.31971971971971974,0.44604537163891134,0.6560972183332452,0.2128897613358097,0.6111463600509065,0.210436276816572,0.68998998998999,0.6265557746187902,0.17924232936756418,0.5462786259541985,0.2699198491277699,0.5
0.0,0.2,0.3,0.5,19980,0.10490490490490491,0.5506506506506507,0.5167892960630481,0.6557500382020861,0.21965273356402185,0.7441792916438474,0.2726815053903866,0.4966966966966967,0.5977646337465703,0.13824759134702783,0.7256679389312977,0.23224919835089328,0.5
0.2,0.3,0.3,0.2,19980,0.10490490490490491,0.4701201201201201,0.48770527598275915,0.6557252015106684,0.22422829335053823,0.6860834125635187,0.24618133374732046,0.5632132132132132,0.6054379175552032,0.14702437985734057,0.6588740458015268,0.2404038645661067,0.5
0.1,0.3,0.3,0.3,19980,0.10490490490490491,0.5047547547547547,0.499224692603453,0.6556149169968978,0.22313977544742142,0.7081149368379025,0.256352464127463,0.5343843843843844,0.6015484543307934,0.1426871591472484,0.6865458015267175,0.23626960019702817,0.5
0.0,0.1,0.3,0.6,19980,0.10490490490490491,0.5644644644644644,0.5228344829019496,0.6555474230878896,0.21529476753683005,0.7580260563931303,0.2787192466601469,0.48398398398398396,0.5929798224691438,0.1358396878879234,0.7309160305343512,0.2291012412142964,0.5
0.2,0.0,0.4,0.4,19980,0.10490490490490491,0.49524524524524527,0.49870370031899225,0.6555272015926216,0.2099410181966605,0.7127679365283995,0.25804309838907685,0.5434934934934935,0.6057944347883988,0.14502273875694796,0.6846374045801527,0.23934617629889082,0.5
0.5,0.2,0.3,0.0,19980,0.10490490490490491,0.3866866866866867,0.45919221295957907,0.655471365722442,0.22274643433968358,0.6366901924372323,0.223061619308834,0.6323323323323323,0.6139332398271473,0.16023815687289672,0.5906488549618321,0.2520871512930157,0.5
0.1,0.1,0.1,0.7,19980,0.10490490490490491,0.6218718718718719,0.5255893386421983,0.6554398063175579,0.21742572824548037,0.7531002218682578,0.2778448059101541,0.4358858858858859,0.5856972563645956,0.13078470824949698,0.7752862595419847,0.22381378692927484,0.5
0.0,0.1,0.2,0.7,19980,0.10490490490490491,0.6072072072072072,0.5299716190824209,0.6553539316562547,0.21657677917969897,0.7681554264105822,0.2839596447411865,0.44764764764764764,0.5861602165610098,0.13155291790306628,0.7614503816793893,0.22434635929153782,0.5
0.5,0.0,0.4,0.1,19980,0.10490490490490491,0.41701701701701704,0.46414545045691075,0.655349316460105,0.21569748006541203,0.6486256205723469,0.22886335221093926,0.6073073073073073,0.6111156225616825,0.15494479116658666,0.6159351145038168,0.24760260836210204,0.5
0.0,0.4,0.2,0.4,19980,0.10490490490490491,0.5495495495495496,0.5118360585657166,0.654922904348806,0.22543806256935547,0.7296055342114269,0.26660214451198594,0.495995995995996,0.5935825724217647,0.13688524590163934,0.7170801526717557,0.22988681553992046,0.5
0.3,0.4,0.2,0.1,19980,0.10490490490490491,0.43818818818818817,0.4772778087036351,0.654898387786601,0.22612320226110155,0.6646363622592902,0.2362380273922604,0.588038038038038,0.6043530530082756,0.14962878355225587,0.625,0.24145240070039628,0.5
0.3,0.1,0.4,0.2,19980,0.10490490490490491,0.4562062062062062,0.48113909685939704,0.6548580248283682,0.21765811851958533,0.6790204043487512,0.24281948060100175,0.5750250250250251,0.6076135690394928,0.1492046077893582,0.648854961832061,0.24261885648024262,0.5
0.2,0.3,0.0,0.5,19980,0.10490490490490491,0.5641141141141142,0.5091166845241728,0.6547816473337078,0.21722155331921136,0.7171199163118545,0.2614008635888245,0.48413413413413414,0.5926425129887092,0.13574660633484162,0.7299618320610687,0.22892197202064787,0.5
0.2,0.1,0.4,0.3,19980,0.10490490490490491,0.48293293293293293,0.4926585134800908,0.6547588648047383,0.21600788344985528,0.7009933934830739,0.252793215824213,0.5538038038038038,0.6073419394025279,0.14664732096590322,0.6750954198473282,0.24095359727543636,0.5
0.3,0.3,0.3,0.1,19980,0.10490490490490491,0.4356356356356356,0.47618585936206537,0.6546727233690911,0.22382032677854874,0.6659150448029146,0.2367772398134715,0.5915915915915916,0.6084439842172029,0.15165441176470587,0.6297709923664122,0.24444444444444444,0.5
0.3,0.4,0.0,0.3,19980,0.10490490490490491,0.49504504504504504,0.4915520810645776,0.6546062432025898,0.21841792419554126,0.6852398162949073,0.2462171591527247,0.5444944944944945,0.6080383271498597,0.14589020321504398,0.6884541984732825,0.2407608242262451,0.5
0.0,0.3,0.3,0.4,19980,0.10490490490490491,0.5363363363363364,0.5107441092241468,0.6546061898477209,0.2214122128287382,0.7322447454785641,0.2672906309538991,0.5081081081081081,0.5980318882842952,0.13923105636431504,0.7118320610687023,0.23290665001561037,0.5
0.4,0.4,0.0,0.2,19980,0.10490490490490491,0.45205205205205207,0.4800326644438837,0.6544672804468491,0.21817225847524868,0.6653857515623336,0.2366896091209483,0.57997997997998,0.612066139549019,0.15146147032772364,0.6526717557251909,0.24586628324946083,0.5
0.2,0.2,0.0,0.6,19980,0.10490490490490491,0.5924924924924925,0.5151618713630743,0.6543369078249824,0.2142605170493662,0.728876850561319,0.266936848380127,0.46046046046046046,0.5893162104042848,0.1332150701131948,0.7523854961832062,0.22635280608583322,0.5
0.0,0.3,0.1,0.6,19980,0.10490490490490491,0.6115615615615616,0.5250183815850892,0.6540875271682992,0.22293725332684117,0.752885857848851,0.277754538253403,0.4438938938938939,0.5853269202203855,0.1311072919224159,0.7643129770992366,0.22382116660845267,0.5
0.0,0.0,0.3,0.7,19980,0.10490490490490491,0.5785285285285285,0.528879669740851,0.6538664779469388,0.2036282884871489,0.7741679025545958,0.28540385476318003,0.4727227227227227,0.5925858501180636,0.13495977160654035,0.7442748091603053,0.22848773343097767,0.5
0.1,0.1,0.4,0.4,19980,0.10490490490490491,0.5094094094094094,0.5041779301007846,0.653776334896133,0.21368463591126893,0.7251215275061402,0.26353398749371776,0.5307307307307307,0.6016134405609688,0.14236588720770288,0.6913167938931297,0.2361088479713215,0.5
0.1,0.0,0.4,0.5,19980,0.10490490490490491,0.5217717717717718,0.5102231169396861,0.6537596348222044,0.20603376493934436,0.7385337696861577,0.2693037533410433,0.5206706706706706,0.6008375007042842,0.1411990407673861,0.7022900763358778,0.2351249900167718,0.5
0.4,0.1,0.4,0.1,19980,0.10490490490490491,0.42992992992992995,0.4696196802387032,0.6537577940792316,0.21784502408888887,0.6589531750028034,0.23361278182408413,0.5962962962962963,0.6089661149630955,0.15250291036088476,0.625,0.2451806101441138,0.5
0.3,0.0,0.0,0.7,19980,0.10490490490490491,0.5944444444444444,0.5157328284201832,0.653531676145337,0.20486747300027155,0.7304133901978604,0.2675752988546342,0.4601101101101101,0.5924899714188638,0.13412477898459207,0.7600190839694656,0.22801116438846347,0.5
0.0,0.4,0.1,0.5,19980,0.10490490490490491,0.587037037037037,0.5189731947461877,0.6534260068277159,0.22487121831628187,0.7409129282065274,0.27222061270369624,0.4642142142142142,0.587832998407037,0.1330036661266945,0.7442748091603053,0.22567811934900542,0.5
0.2,0.4,0.0,0.4,19980,0.10490490490490491,0.5384884884884885,0.5030714976852714,0.6529530425934053,0.2179917657373064,0.7068562498063722,0.25651174563079476,0.5053553553553554,0.5952306509635463,0.13811692536481085,0.708969465648855,0.23119408790353949,0.5
0.5,0.4,0.1,0.0,19980,0.10490490490490491,0.3869369369369369,0.4613761116427187,0.6526326466063743,0.22242618215844506,0.6370006537646297,0.22309830669115063,0.6335835835835836,0.6177910636143698,0.1620747639373949,0.5978053435114504,0.255011702452427,0.5
0.0,0.2,0.1,0.7,19980,0.10490490490490491,0.632982982982983,0.5310635684239906,0.6525774776720545,0.21914216114297505,0.7666382844026005,0.28393533063638265,0.4254754754754755,0.5813561441759533,0.12904246066260774,0.7786259541984732,0.22139320355422912,0.5
0.2,0.2,0.4,0.2,19980,0.10490490490490491,0.46806806806806805,0.4866133266411894,0.6525554154338136,0.21816733950406578,0.6909044510390726,0.24819020009262185,0.565065065065065,0.6060511784169739,0.1474550898203593,0.6579198473282443,0.24091544374563242,0.5
0.6,0.0,0.4,0.0,19980,0.10490490490490491,0.3913913913913914,0.452626033836217,0.6525254299975586,0.21444589679129744,0.630841624295077,0.22067084304414727,0.627927927927928,0.6121047151191479,0.15869565217391304,0.5920801526717557,0.25030254134731744,0.5
0.1,0.2,0.4,0.3,19980,0.10490490490490491,0.4955955955955956,0.4981327432618832,0.6524583362500662,0.21673823703446005,0.7136372939013133,0.2584110884796651,0.5422422422422423,0.603200161003652,0.14401131084629368,0.6803435114503816,0.23770628438073013,0.5
0.1,0.5,0.1,0.3,19980,0.10490490490490491,0.5226726726726727,0.5014085912865924,0.6523422360555983,0.22528852124843407,0.7072081919655511,0.2564949031746275,0.5181681681681681,0.5960701364689491,0.1394235372977114,0.6946564885496184,0.2322354254725257,0.5
0.2,0.5,0.1,0.2,19980,0.10490490490490491,0.48283283283283285,0.48988917466589876,0.6522528399729555,0.22448146450527431,0.6858459132683234,0.24642328880828637,0.5518018018018018,0.6018011963442098,0.14450088110293355,0.6650763358778626,0.23741803627693095,0.5
0.4,0.3,0.3,0.0,19980,0.10490490490490491,0.4032032032032032,0.4646664427413715,0.6522291237337823,0.22246202726163766,0.6474404422733654,0.22814018232591618,0.6185185185185185,0.6119028202956799,0.157025819265144,0.603530534351145,0.2492119779353822,0.5
0.7,0.3,0.0,0.0,19980,0.10490490490490491,0.3465965965965966,0.4515196014207037,0.6521404479418679,0.21316767224170574,0.6203984967999255,0.21499887924910244,0.6667167167167167,0.6211366273064243,0.17054151624548736,0.5634541984732825,0.2618334996120164,0.5
0.0,0.1,0.4,0.5,19980,0.10490490490490491,0.5353353353353353,0.5156973467214784,0.6521345789063021,0.21093150017282009,0.7517575092033589,0.2750417956095162,0.509009009009009,0.5983245397395599,0.1393979057591623,0.711354961832061,0.23311444652908067,0.5
0.4,0.4,0.2,0.0,19980,0.10490490490490491,0.4008008008008008,0.46575839208294134,0.6520980308211868,0.22266650044179145,0.6464720160533496,0.22765072791160573,0.6197197197197197,0.6100467111205206,0.15646853146853146,0.5978053435114504,0.24802058590657167,0.5
0.5,0.4,0.0,0.1,19980,0.10490490490490491,0.41076076076076073,0.46851324782318987,0.6520940292060282,0.216324444413821,0.6471411939631453,0.22792909553546553,0.614964964964965,0.6183414724407164,0.15901060070671377,0.6226145038167938,0.25332427448316025,0.5
0.0,0.0,0.2,0.8,19980,0.10490490490490491,0.6234734734734735,0.5360168059213224,0.6519622826962905,0.20318994675635008,0.7852429802846635,0.2910392118174658,0.4344844844844845,0.5853356170639968,0.1306092959781649,0.7762404580152672,0.22359650931079503,0.5
0.0,0.4,0.3,0.3,19980,0.10490490490490491,0.5185185185185185,0.5046989223852454,0.6519345781806758,0.2214786471828739,0.7219818903571485,0.2625466233506844,0.5215215215215215,0.5962585858654843,0.13976833976833977,0.6908396946564885,0.23249839434810532,0.5
0.1,0.4,0.3,0.2,19980,0.10490490490490491,0.48653653653653656,0.49317950576455144,0.6519173178806251,0.22229114679487338,0.6991034626604812,0.2521283398067099,0.5477977977977978,0.5989327852436652,0.14309227445736036,0.663645038167939,0.23542354235423543,0.5
0.0,0.2,0.4,0.4,19980,0.10490490490490491,0.5235235235235235,0.509652159882577,0.6516072193832689,0.21470370193017765,0.738643003683811,0.269399013313002,0.5178178178178178,0.5969273891456562,0.13967495219885276,0.6970419847328244,0.23271742593182543,0.5
0.3,0.2,0.4,0.1,19980,0.10490490490490491,0.4421921921921922,0.4750939100204955,0.651600336605196,0.21856108376814837,0.6701638345960279,0.2387363481518722,0.5850350350350351,0.6047814926045884,0.1494057724957555,0.6297709923664122,0.24151495746043364,0.5
0.0,0.0,0.4,0.6,19980,0.10490490490490491,0.5484484484484484,0.5217425335603798,0.6515554251443996,0.20090380019600154,0.7671574537063174,0.2813314447393032,0.49769769769769767,0.5957966927664458,0.13770761087789743,0.7199427480916031,0.23119350390684848,0.5
0.2,0.1,0.0,0.7,19980,0.10490490490490491,0.6152152152152152,0.5212070582019757,0.6514161022432947,0.208352704349192,0.742306308435808,0.2731197000047023,0.44184184184184183,0.5875501108927592,0.13163032866905305,0.7719465648854962,0.22490964692799556,0.5
0.0,0.5,0.2,0.3,19980,0.10490490490490491,0.5287787787787788,0.5057908717268151,0.651384489483542,0.22397220249143476,0.7200757790883915,0.262110044768798,0.5121621621621621,0.5929257739870685,0.1379081874112636,0.6951335877862596,0.23015559592449253,0.5
0.1,0.5,0.2,0.2,19980,0.10490490490490491,0.49344344344344343,0.4942714551061213,0.6513296940333038,0.22458222414950946,0.6976516374675408,0.2517415192317241,0.540990990990991,0.5953410955419233,0.14119079014098793,0.6641221374045801,0.2328732747804266,0.5
0.5,0.1,0.4,0.0,19980,0.10490490490490491,0.40405405405405403,0.45810026361800943,0.6512832752974641,0.21716534912146984,0.6406143423612358,0.22517311949346008,0.6166666666666667,0.6087624594289578,0.15545645980428588,0.5987595419847328,0.24682859671550791,0.5
0.0,0.5,0.1,0.4,19980,0.10490490490490491,0.56001001001001,0.5129280079072863,0.6510272386209004,0.22470331411567118,0.7305238152469457,0.2673335539872623,0.4864364364364364,0.5901379287383836,0.13513271963535614,0.7213740458015268,0.22762514113662025,0.5
0.1,0.0,0.1,0.8,19980,0.10490490490490491,0.6384884884884885,0.5316345254810998,0.650947166301577,0.20538092589054951,0.7691420869061352,0.2847994486772178,0.42237237237237235,0.5846769512088933,0.12981108411068434,0.7900763358778626,0.2229852555039386,0.5
0.2,0.4,0.3,0.1,19980,0.10490490490490491,0.45435435435435434,0.4816600891438578,0.6508421639198159,0.2224979100899843,0.6781942728312994,0.24247709270902895,0.5743743743743743,0.6019853239963736,0.14705882352941177,0.6369274809160306,0.23894755682835153,0.5
0.3,0.5,0.1,0.1,19980,0.10490490490490491,0.4473473473473473,0.4783697580452049,0.6506257565720392,0.22237521681883374,0.666238589396108,0.23711871088823885,0.5815815815815816,0.6064324523092841,0.1495860371447751,0.637881679389313,0.24234185245604495,0.5
0.1,0.3,0.0,0.6,19980,0.10490490490490491,0.6065565565565566,0.5206361011448666,0.6502726006955768,0.21429240006574674,0.7420059909813078,0.2729823697956496,0.4466966966966967,0.582259548814156,0.13037379321726214,0.7538167938931297,0.22230038691523038,0.5
0.2,0.5,0.2,0.1,19980,0.10490490490490491,0.4615115115115115,0.4827520384854275,0.6500063332229243,0.22413288271242532,0.6771162167089384,0.24214003014094387,0.5677177177177177,0.5993198748166726,0.14532046415790045,0.6393129770992366,0.23681187593885306,0.5
0.1,0.4,0.0,0.5,19980,0.10490490490490491,0.5788788788788789,0.5145909143059652,0.6498997568725339,0.21676894840004463,0.7304388090699352,0.2675733685551583,0.47057057057057056,0.5875930082072593,0.13332180529137125,0.7356870229007634,0.22573561703996486,0.5
0.1,0.3,0.4,0.2,19980,0.10490490490490491,0.4818318318318318,0.4920875564229818,0.6498702783075324,0.2173012807300429,0.7038287957026739,0.25393505629888524,0.5523023023023023,0.6010278175212267,0.1442817076971019,0.6626908396946565,0.23697005885865394,0.5
0.0,0.3,0.4,0.3,19980,0.10490490490490491,0.5096096096096097,0.5036069730436756,0.6498433340987978,0.2163387010515918,0.7274365745907421,0.26440309784976046,0.5292292292292292,0.5980370103516982,0.14103319583578863,0.6851145038167938,0.2339143182928816,0.5
0.2,0.0,0.5,0.3,19980,0.10490490490490491,0.4800800800800801,0.49156656413852107,0.6497508434337657,0.20454943262826622,0.7103408523387017,0.2564738859467307,0.5530530530530531,0.5993412701190539,0.14376563803169307,0.6579198473282443,0.23596851471594799,0.5
0.3,0.0,0.5,0.2,19980,0.10490490490490491,0.4582582582582583,0.4800471475178272,0.6496781207476169,0.20735076923402393,0.6873613289014442,0.24645039271661875,0.5705705705705706,0.6000711113691115,0.14591524683267804,0.6374045801526718,0.23746889441877,0.5
0.4,0.2,0.4,0.0,19980,0.10490490490490491,0.4153153153153153,0.4635744933998017,0.6493665283139349,0.21789992245322562,0.6512175255658625,0.2300495326574162,0.6065065065065065,0.6054035036648393,0.15256688358640635,0.6040076335877863,0.24360207812199347,0.5
0.0,0.1,0.1,0.8,19980,0.10490490490490491,0.6519019019019019,0.5371087552628921,0.6492077442244422,0.21160756215951004,0.7824569581205285,0.2907629898526352,0.41026026026026025,0.5806488186805213,0.12813819577735125,0.7962786259541985,0.2207525957277958,0.5
0.1,0.0,0.5,0.4,19980,0.10490490490490491,0.5026026026026026,0.5030859807592148,0.6489885891009235,0.20130170032781008,0.7357514740549465,0.2672644156231362,0.5345345345345346,0.5974204948429318,0.1413065126468831,0.6770038167938931,0.2338111715274345,0.5
0.2,0.3,0.4,0.1,19980,0.10490490490490491,0.4542042042042042,0.48056813980228796,0.6489766109328822,0.21800416761660513,0.6823293668237008,0.2442340511943036,0.5751251251251251,0.6036682432674692,0.1477685950413223,0.6397900763358778,0.24008593680064452,0.5
0.2,0.5,0.0,0.3,19980,0.10490490490490491,0.5154654654654655,0.4970263108463699,0.6486753159888748,0.2166033017376307,0.6979603868727522,0.25226949450603775,0.5257757757757757,0.6011621117259489,0.14176133605204388,0.6965648854961832,0.23557886244453408,0.5
0.3,0.4,0.3,0.0,19980,0.10490490490490491,0.4203203203203203,0.47014067252316394,0.6486541874608376,0.22112962996515273,0.6590596835776077,0.23359288205764153,0.6017017017017017,0.6031407236798298,0.15098833055489402,0.6049618320610687,0.24166190203926052,0.5
0.1,0.2,0.0,0.7,19980,0.10490490490490491,0.6296296296296297,0.526681287983768,0.6485127970585673,0.2095622865386627,0.7552466531970721,0.2790382378694137,0.4282282282282282,0.5816302814917509,0.12925278219395867,0.7757633587786259,0.22158626328699918,0.5
0.4,0.0,0.5,0.1,19980,0.10490490490490491,0.436036036036036,0.4685277308971334,0.6484714470352619,0.20854422625932062,0.6664867355184149,0.23719393593280044,0.588988988988989,0.6023571540769095,0.14898989898989898,0.6192748091603053,0.24019245003700962,0.5
0.3,0.5,0.0,0.2,19980,0.10490490490490491,0.476026026026026,0.48550689422567606,0.6484321244969704,0.21591259365879287,0.6773957600451701,0.2424947913104294,0.5587087087087087,0.6058699852825931,0.14667227420881085,0.6655534351145038,0.24037218919617473,0.5
0.1,0.1,0.5,0.3,19980,0.10490490490490491,0.4903903903903904,0.4970407939203134,0.6482973767758634,0.20804052645078647,0.7229434762213941,0.26188960874905676,0.545045045045045,0.599711606263264,0.14309042661767707,0.6688931297709924,0.23574911720195058,0.5
0.2,0.1,0.5,0.2,19980,0.10490490490490491,0.4693193193193193,0.4855213772996195,0.6482729135685273,0.20992719338346608,0.6991788010522897,0.25161896235511283,0.5623123123123123,0.6013546160925114,0.1454623013757065,0.6507633587786259,0.23777564717162034,0.5
0.0,0.5,0.3,0.2,19980,0.10490490490490491,0.500950950950951,0.4986537355463439,0.6479391255094323,0.21973859968206993,0.7132363041827045,0.2584494825807426,0.5346846846846847,0.5943454936904666,0.14027375362174044,0.6698473282442748,0.2319702602230483,0.5
0.0,0.0,0.5,0.5,19980,0.10490490490490491,0.5252752752752753,0.5146053973799086,0.6476608398525869,0.19711384970223841,0.764080256350371,0.2788219817458353,0.5158658658658659,0.5954158457130857,0.13901858027632205,0.6960877862595419,0.23175283932967994,0.5
0.0,0.1,0.5,0.4,19980,0.10490490490490491,0.5142642642642643,0.5085602105410072,0.647581141017345,0.20561617021637257,0.7492697801432309,0.2729272915892943,0.524974974974975,0.596502951164502,0.14014598540145987,0.6870229007633588,0.23280252202732196,0.5
0.6,0.4,0.0,0.0,19980,0.10490490490490491,0.3738738738738739,0.4569938312024961,0.6474584248191483,0.21227388020196508,0.6303931113768421,0.21993561839627623,0.6438438438438439,0.6176258769406233,0.1639892904953146,0.5844465648854962,0.25611540873928496,0.5
0.3,0.5,0.2,0.0,19980,0.10490490490490491,0.42317317317317316,0.4712326218647337,0.6474217166694269,0.2218272387561563,0.6582932972897816,0.23330557749645717,0.5990490490490491,0.6020801355981977,0.15020697811945594,0.6059160305343512,0.24073547531039713,0.5
0.1,0.5,0.0,0.4,19980,0.10490490490490491,0.5542042042042042,0.5085457274670637,0.6473695089303244,0.21625265036300034,0.7203756096801593,0.26281123414793983,0.49024024024024027,0.5880508996911393,0.1347421656281044,0.7118320610687023,0.22659275571417722,0.5
0.4,0.5,0.1,0.0,19980,0.10490490490490491,0.41186186186186186,0.46685034142451115,0.6473681483811706,0.21971316172498118,0.6482406272147462,0.22858116941448484,0.6103603603603603,0.6083986325787389,0.15433223964029652,0.6059160305343512,0.2460048426150121,0.5
0.3,0.1,0.5,0.1,19980,0.10490490490490491,0.4463963963963964,0.47400196067892575,0.6472900902081438,0.21089839614396272,0.6776128371997352,0.24211535240746246,0.5801301301301302,0.6005674717133828,0.14721381320775873,0.6264312977099237,0.23840217884702677,0.5
0.3,0.3,0.4,0.0,19980,0.10490490490490491,0.4290790790790791,0.4690487231815942,0.6470075228230786,0.21766130004119894,0.6627111039349484,0.23530008253601553,0.5944444444444444,0.6022456957560257,0.14965589641898985,0.612118320610687,0.24050988846189897,0.5
0.0,0.4,0.4,0.2,19980,0.10490490490490491,0.4963963963963964,0.49756178620477415,0.6468924363711177,0.21582533390197273,0.717910472697578,0.2600540492197919,0.5382382382382382,0.5942245915578086,0.14055253075216778,0.6650763358778626,0.23206259364075246,0.5
0.1,0.5,0.3,0.1,19980,0.10490490490490491,0.4728728728728729,0.48713431892565,0.6468627443866409,0.21973039300107705,0.691489439820714,0.24855108231922965,0.557957957957958,0.5972375409978812,0.1435224386113463,0.6469465648854962,0.23492723492723494,0.5
0.0,0.6,0.1,0.3,19980,0.10490490490490491,0.5388388388388389,0.5068828210683849,0.6467892480548949,0.22244442232220585,0.7215845134935669,0.26309336210410106,0.5035035035035035,0.5910373317614277,0.13663384729704625,0.7018129770992366,0.22873581091587622,0.5
0.2,0.0,0.0,0.8,19980,0.10490490490490491,0.6287287287287288,0.5272522450408771,0.6466535933010187,0.19834294100656702,0.757665405512446,0.2799494184625505,0.42912912912912915,0.5821335246140948,0.12943798758159528,0.7757633587786259,0.22185837085550553,0.5
0.1,0.6,0.1,0.2,19980,0.10490490490490491,0.502952952952953,0.49536340444769106,0.6465946361710156,0.22192975676094662,0.6993744793090226,0.252774594573928,0.5343843843843844,0.5977578043233664,0.14140710518459548,0.6779580152671756,0.2340057636887608,0.5
0.1,0.2,0.5,0.2,19980,0.10490490490490491,0.4801301301301301,0.49099560708141193,0.6464926483393404,0.21087072345399546,0.7121001002665149,0.2571616687082502,0.5533033033033034,0.6001128348764984,0.14406337954758677,0.6593511450381679,0.2364616305928651,0.5
0.0,0.2,0.5,0.3,19980,0.10490490490490491,0.5028028028028028,0.5025150237021059,0.6464795230416203,0.20925332168016367,0.736788403934372,0.2676794682660261,0.534034034034034,0.5965091403292806,0.14095162253633287,0.6755725190839694,0.2332399934112996,0.5
0.0,0.6,0.2,0.2,19980,0.10490490490490491,0.5104104104104105,0.4997456848879137,0.6464006645455617,0.22121477731406497,0.7119636362231802,0.2582648118588829,0.5259259259259259,0.5909269938927884,0.13836046283585016,0.6731870229007634,0.22954286643891328,0.5
0.4,0.5,0.0,0.1,19980,0.10490490490490491,0.4361861861861862,0.4739874776049823,0.6463738804014335,0.2139853809949214,0.6585089101966712,0.23348712456111456,0.5922422422422422,0.6113345375882917,0.15283993115318417,0.6354961832061069,0.2464156877254648,0.5
0.5,0.0,0.5,0.0,19980,0.10490490490490491,0.4157657657657658,0.45700831427643956,0.6460651157757968,0.20816624732011296,0.6474933305333042,0.22870451559527571,0.6045545545545545,0.601154268560238,0.15059588299024917,0.5968511450381679,0.24050754590022108,0.5
0.1,0.4,0.4,0.1,19980,0.10490490490490491,0.4682682682682683,0.48604236958408026,0.6459979419960014,0.21611824056702245,0.6955431936734487,0.2501058909513782,0.5619619619619619,0.5982106270947121,0.14429243266353142,0.6440839694656488,0.2357666783094656,0.5
0.0,0.4,0.0,0.6,19980,0.10490490490490491,0.6157657657657658,0.526110330926659,0.6459017565063062,0.2141961911302275,0.7562609655015116,0.2794020279258155,0.4384884884884885,0.5797803614813701,0.12923677151914167,0.7585877862595419,0.220848670046531,0.5
0.2,0.2,0.5,0.1,19980,0.10490490490490491,0.4571071071071071,0.4794761904607182,0.6456412913756335,0.21151873944109537,0.6897427629913548,0.24741090559676782,0.5714214214214214,0.5999146215389763,0.14595423190627396,0.6359732824427481,0.23742096357645381,0.5
0.4,0.1,0.5,0.0,19980,0.10490490490490491,0.4258758758758759,0.46248254405823197,0.645171821885228,0.21084438712276277,0.6579983916125353,0.23337877890610573,0.5961461461461461,0.6000373910920418,0.1490186860970737,0.6049618320610687,0.23913248467703913,0.5
0.1,0.6,0.2,0.1,19980,0.10490490490490491,0.47862862862862865,0.4882262682672199,0.6451079827847315,0.22118597639389034,0.6906014602904124,0.2484161696042706,0.553003003003003,0.5961544371616234,0.14263306493778102,0.6507633587786259,0.23398233124624754,0.5
0.2,0.6,0.1,0.1,19980,0.10490490490490491,0.4678678678678679,0.4838439878269973,0.6450972584561065,0.21992970724311403,0.679020399508419,0.24322286349004837,0.5625625625625625,0.5989673058437668,0.1446298673513051,0.6450381679389313,0.23628102062216008,0.5
0.0,0.3,0.0,0.7,19980,0.10490490490490491,0.6397897897897898,0.5321555177655604,0.645083226125617,0.21036036510317577,0.7693337197015122,0.2853309124487683,0.41896896896896896,0.5783533855158178,0.12790424782914808,0.7800572519083969,0.2197728341958465,0.5
0.0,0.5,0.0,0.5,19980,0.10490490490490491,0.5893893893893893,0.5200651440877575,0.644915411724583,0.215142912578981,0.7448738967201493,0.2741200102361354,0.4607607607607608,0.583587391433513,0.13153872282608695,0.7390267175572519,0.2233275663206459,0.5
0.1,0.1,0.0,0.8,19980,0.10490490490490491,0.6459459459459459,0.5327264748226695,0.6448351793406533,0.20254000051358978,0.770403285180281,0.28574097277645066,0.4148148148148148,0.5802447089043727,0.1282349294901596,0.7895992366412213,0.22063724836688442,0.5
0.2,0.5,0.3,0.0,19980,0.10490490490490491,0.4406406406406406,0.47561490230495623,0.6448075415186246,0.2193472839192505,0.6716218592826182,0.23941971850401025,0.583983983983984,0.5987189922844591,0.1469786460699682,0.6173664122137404,0.23743119266055046,0.5
0.0,0.0,0.1,0.9,19980,0.10490490490490491,0.6605605605605606,0.5431539421017936,0.6445681648998379,0.19722061874771304,0.8007796987683043,0.2982375159021604,0.4012012012012012,0.5747460628375229,0.12615547810274283,0.7943702290076335,0.21773244409572381,0.5
0.0,0.3,0.5,0.2,19980,0.10490490490490491,0.49024024024024027,0.4964698368632044,0.6443476759045998,0.21013877061928274,0.7262564991484024,0.26307851177603075,0.5438938938938939,0.5963308817126827,0.14180704441041347,0.6626908396946565,0.23362206710957867,0.5
0.2,0.4,0.4,0.0,19980,0.10490490490490491,0.4401901901901902,0.4745229529633866,0.6442159694110134,0.21624498006748472,0.6751722206680328,0.24092476912925814,0.5841341341341342,0.5981710911369453,0.14678794769755543,0.6159351145038168,0.2370764851712423,0.5
0.1,0.0,0.6,0.3,19980,0.10490490490490491,0.4872372372372372,0.4959488445787436,0.6438524893674417,0.195974266255705,0.736696476266063,0.266788024935638,0.5451951951951952,0.5934777301046097,0.140934771443246,0.6545801526717557,0.23193305722255092,0.5
0.3,0.2,0.5,0.0,19980,0.10490490490490491,0.43543543543543545,0.4679567738400243,0.6437502881162914,0.21172459418801734,0.6694333894275883,0.23842717893157905,0.5882882882882883,0.5992280510875003,0.14770114942528736,0.6130725190839694,0.238051130048166,0.5
0.2,0.0,0.6,0.2,19980,0.10490490490490491,0.4673673673673674,0.4844294279580498,0.6436697222644319,0.19902003260602702,0.711420833621439,0.2564676205347934,0.5608608608608608,0.5933837188258173,0.1424287856071964,0.6345419847328244,0.23263949623928634,0.5
0.1,0.3,0.5,0.1,19980,0.10490490490490491,0.46856856856856854,0.4849504202425105,0.6435701087244174,0.21078545389669096,0.7029787603901771,0.2530805955007164,0.5613613613613614,0.5972433566785783,0.14387951292458875,0.6426526717557252,0.2351195671146797,0.5
0.0,0.0,0.6,0.4,19980,0.10490490490490491,0.5076076076076076,0.5074682611994374,0.6433488194061474,0.19260856986978364,0.7650365347163341,0.27787546578277617,0.529029029029029,0.5932921618709888,0.13942023269572076,0.674618320610687,0.23108351037751265,0.5
0.0,0.5,0.4,0.1,19980,0.10490490490490491,0.48333333333333334,0.4915165993658728,0.6428139635240506,0.21374385820226605,0.7099293474833177,0.25635186742309607,0.5480980980980981,0.5929933746058142,0.1410375893134514,0.6498091603053435,0.2317706117586999,0.5
0.0,0.6,0.3,0.1,19980,0.10490490490490491,0.48728728728728726,0.4926085487074424,0.6427980904505882,0.21655492388846065,0.7059156501027883,0.25499920864407355,0.5442442442442442,0.5910512040273108,0.13999589153656533,0.6502862595419847,0.23039215686274508,0.5
0.1,0.6,0.0,0.3,19980,0.10490490490490491,0.5326826826826827,0.5025005406281623,0.642750604617373,0.21413597482442015,0.7116987078382834,0.25869596657399413,0.5100600600600601,0.5955421900423594,0.13858874377525135,0.7037213740458015,0.23157233691812545,0.5
0.0,0.1,0.6,0.3,19980,0.10490490490490491,0.4968468468468468,0.501423074360536,0.6427274219268876,0.2000102764358195,0.750697364774789,0.27237573459948133,0.537987987987988,0.5945059851357604,0.14062657399012793,0.666030534351145,0.23222157531398155,0.5
0.2,0.6,0.2,0.0,19980,0.10490490490490491,0.4457957957957958,0.476706851646526,0.6427210993749369,0.21959541825750467,0.671051216529951,0.23933456379595192,0.5797297297297297,0.5982378914326594,0.1462894352756259,0.6216603053435115,0.2368444969553758,0.5
0.1,0.1,0.6,0.2,19980,0.10490490490490491,0.4773773773773774,0.4899036577398423,0.6426389061995798,0.2022974229892594,0.7244261561810991,0.26180817703480463,0.5527527527527527,0.5928557723992276,0.14143426294820718,0.6436068702290076,0.23190648100395392,0.5
0.3,0.0,0.6,0.1,19980,0.10490490490490491,0.4488988988988989,0.472910011337356,0.6425721325813001,0.20090158902617822,0.6886809906330188,0.24691425258024227,0.5762262262262262,0.5954384681774489,0.14483219979930873,0.6197519083969466,0.23479439674649796,0.5
0.2,0.6,0.0,0.2,19980,0.10490490490490491,0.4961961961961962,0.49098112400746846,0.6424765206564441,0.21317059571051,0.6903478183197017,0.24867411021455368,0.5416416416416416,0.602864665588756,0.14383699818438572,0.6803435114503816,0.23746877601998334,0.5
0.5,0.5,0.0,0.0,19980,0.10490490490490491,0.40015015015015015,0.46246806098428844,0.642442160120949,0.2105389859744807,0.6411723381391656,0.2252464942580933,0.6213713713713713,0.6130752401822773,0.15797373358348968,0.6025763358778626,0.250322069170548,0.5
0.0,0.2,0.0,0.8,19980,0.10490490490490491,0.6562062062062062,0.5382007046044619,0.6424374515537792,0.2045589761849811,0.7843232855989771,0.291906663804994,0.4045545545545546,0.5745133288998994,0.1262298833040958,0.7895992366412213,0.2176629183928454,0.5
0.3,0.6,0.1,0.0,19980,0.10490490490490491,0.4344344344344344,0.47232457120630345,0.6421842160078265,0.21696224797531197,0.6603542287518307,0.2344381688524624,0.5906906906906907,0.6035183160861941,0.14965437788018432,0.6197519083969466,0.2410913140311804,0.5
0.2,0.3,0.5,0.0,19980,0.10490490490490491,0.44644644644644643,0.4734310036218167,0.6418953260708109,0.21135608950361276,0.681881228257538,0.24384971567169558,0.5782782782782783,0.5957423775100263,0.14517937219730942,0.6178435114503816,0.2351125635439361,0.5
0.0,0.6,0.0,0.4,19980,0.10490490490490491,0.5671671671671672,0.5140199572488561,0.6418150003158608,0.21385744381782823,0.7350112410271694,0.26948485937972816,0.47927927927927927,0.586139941710873,0.13342746205435935,0.7213740458015268,0.225201072386059,0.5
0.2,0.1,0.6,0.1,19980,0.10490490490490491,0.459009009009009,0.4783842411191484,0.6417034886401083,0.20347492620361965,0.7008464352448728,0.25200765591642155,0.5675175175175176,0.5935220680005668,0.14316868389488605,0.6264312977099237,0.23307002751397887,0.5
0.0,0.4,0.5,0.1,19980,0.10490490490490491,0.47977977977977976,0.49042465002430297,0.6412039803585787,0.20945589629399458,0.7174600916718601,0.2591244221193082,0.5519519519519519,0.5957779118526347,0.1423951596077613,0.6512404580152672,0.23369286081150487,0.5
0.0,0.2,0.6,0.2,19980,0.10490490490490491,0.4860860860860861,0.49537788752163453,0.6411964039672119,0.20335739142122392,0.7387914856512089,0.26752287024945914,0.5469469469469469,0.595719808400532,0.14188632619439867,0.6574427480916031,0.23340108401084012,0.5
0.1,0.5,0.4,0.0,19980,0.10490490490490491,0.45545545545545546,0.47999718274517894,0.6411398744837382,0.21356502121402263,0.6887012504382324,0.246923592437144,0.5701701701701701,0.593108514412644,0.1432967032967033,0.6221374045801527,0.23294033583422652,0.5
0.0,0.7,0.1,0.2,19980,0.10490490490490491,0.5194694694694695,0.5008376342294835,0.6410517055630773,0.21802576643064314,0.7140077424010891,0.25950003705421276,0.5191691691691692,0.5919962788180317,0.13816359957606705,0.6841603053435115,0.2298997995991984,0.5
0.1,0.6,0.3,0.0,19980,0.10490490490490491,0.4577077077077077,0.48108913208674864,0.6408755277863619,0.2160006191333636,0.6852217712096662,0.24562069166502212,0.5693193193193193,0.5955815125806512,0.14412247129579006,0.6288167938931297,0.23449871007917444,0.5
0.3,0.6,0.0,0.1,19980,0.10490490490490491,0.4594094094094094,0.4794617073867746,0.6406952683621848,0.2111557502914374,0.6707596894783463,0.23941929030140685,0.5712212212212212,0.6042252147426759,0.14751062207212115,0.6459923664122137,0.24017738359201773,0.5
0.4,0.0,0.6,0.0,19980,0.10490490490490491,0.4315315315315315,0.4613905947166623,0.6405136217114192,0.20123073462604363,0.6681385971903113,0.23812792107198485,0.5896896896896897,0.5947460820452757,0.14613778705636743,0.601145038167939,0.2351184922560179,0.5
0.1,0.2,0.6,0.1,19980,0.10490490490490491,0.4673673673673674,0.48385847090094075,0.6403938933858744,0.20413859921768202,0.7142098258800746,0.2574751959672441,0.5606606606606607,0.5928507036866933,0.14221460698222319,0.6335877862595419,0.2322896624103551,0.5
0.0,0.7,0.2,0.1,19980,0.10490490490490491,0.4953953953953954,0.49370049804901217,0.6403450069873536,0.2170450241563003,0.7052034818436506,0.2550664457822406,0.5377377377377377,0.590786137039206,0.13932107496463933,0.6579198473282443,0.22994830748707687,0.5
0.1,0.0,0.0,0.9,19980,0.10490490490490491,0.6535535535535536,0.538771661661571,0.6401753251659124,0.1910382154140704,0.7878315394217542,0.2930905745167604,0.4063063063063063,0.5735965321896326,0.12605299433297595,0.7853053435114504,0.2172363732347895,0.5
0.3,0.1,0.6,0.0,19980,0.10490490490490491,0.4386886886886887,0.4668648244984545,0.6398260375174364,0.2040121920340749,0.6795740908390261,0.24297417124433213,0.5842342342342343,0.5952787237003181,0.14569309754706217,0.6092557251908397,0.23515330080103122,0.5
0.1,0.7,0.1,0.1,19980,0.10490490490490491,0.4864364364364364,0.48931821760878963,0.6397197279413899,0.21693638123477887,0.6928188183240218,0.24970115280650113,0.5461961961961962,0.5944580724635949,0.14137256919436156,0.6555343511450382,0.23258569614896318,0.5
0.1,0.4,0.5,0.0,19980,0.10490490490490491,0.45645645645645644,0.4789052334036091,0.6396860343417546,0.20968607003477452,0.6954520526531961,0.24964638912645545,0.5698698698698699,0.594414908374751,0.14375,0.6254770992366412,0.23377318116975748,0.5
0.0,0.3,0.6,0.1,19980,0.10490490490490491,0.4771271271271271,0.48933270068273316,0.6387633685959218,0.2038494176552315,0.7289344804985045,0.2633168727327098,0.5533033033033034,0.59379508486412,0.14182314066925417,0.6450381679389313,0.23252214291856566,0.5
0.0,0.1,0.0,0.9,19980,0.10490490490490491,0.6651651651651652,0.5442458914433633,0.6387198577004308,0.19595030414308134,0.8015662529948854,0.29912928199449257,0.3966966966966967,0.5724404388928822,0.1253574115876599,0.7948473282442748,0.21656050955414013,0.5
0.2,0.2,0.6,0.0,19980,0.10490490490490491,0.44854854854854853,0.472339054280247,0.6387173233441635,0.2050018964877603,0.6920944745133741,0.2481945581313226,0.5755755755755756,0.5929690981405189,0.14382950234322694,0.6149809160305344,0.23313438234762163,0.5
0.0,0.0,0.7,0.3,19980,0.10490490490490491,0.49314314314314317,0.5003311250189663,0.6386493759187709,0.18787912644553834,0.7703908205602487,0.27849189685012604,0.5392892892892893,0.5901786918581324,0.13924692986907541,0.6545801526717557,0.22964264792032807,0.5
0.1,0.0,0.7,0.2,19980,0.10490490490490491,0.47662662662662664,0.4888117083982724,0.6384337688940261,0.19055997937698937,0.7417063085203621,0.2678745812785487,0.5512012012012012,0.5871454675679229,0.13924183555602226,0.6326335877862596,0.22824683707720114,0.5
0.1,0.7,0.2,0.0,19980,0.10490490490490491,0.46516516516516515,0.48218108142831845,0.6381431182463407,0.21588939823762465,0.6848387610633978,0.24573768681008992,0.5627627627627627,0.5938143459717501,0.1427802883580805,0.6331106870229007,0.23301141352063212,0.5
0.0,0.6,0.4,0.0,19980,0.10490490490490491,0.47082082082082083,0.48547141252697124,0.6379313260947138,0.21053115399315098,0.7034319978339589,0.25329655245967314,0.5568068068068068,0.5898555747727936,0.14074625279047517,0.6316793893129771,0.23020081717812743,0.5
0.0,0.1,0.7,0.2,19980,0.10490490490490491,0.4845845845845846,0.4942859381800648,0.6376262696324576,0.19433761671962185,0.7564323884411464,0.2733871246400772,0.5461461461461461,0.5904288728378473,0.139950423466226,0.646469465648855,0.23008999830191884,0.5
0.2,0.0,0.7,0.1,19980,0.10490490490490491,0.459009009009009,0.47729229177757854,0.6374743149661688,0.19257864709394285,0.7163482088632463,0.25802430215326494,0.5658158158158159,0.5889914393180138,0.14131501472031405,0.6183206106870229,0.23005236531463566,0.5
0.4,0.6,0.0,0.0,19980,0.10490490490490491,0.4257757757757758,0.46794229076608085,0.6372987240930099,0.20803039533699344,0.6527886633252057,0.23093150683455363,0.5987487487487487,0.6067559962335731,0.15199247678382508,0.6168893129770993,0.24389323776289729,0.5
0.1,0.3,0.6,0.0,19980,0.10490490490490491,0.4586586586586587,0.4778132840620393,0.6372492374522154,0.20427685933661455,0.7058250324817585,0.2537890817329564,0.5671671671671672,0.5918522206723226,0.14251418594500218,0.6230916030534351,0.23197158081705152,0.5
0.0,0.5,0.5,0.0,19980,0.10490490490490491,0.4670670670670671,0.4843794631854015,0.6372081675419711,0.20704377817661393,0.7102961660952403,0.2558171992958585,0.5601601601601601,0.5908863908376458,0.14144877839691383,0.6297709923664122,0.23101155057752887,0.5
0.0,0.7,0.0,0.3,19980,0.10490490490490491,0.5465965965965967,0.5079747704099546,0.6371353248073676,0.211063863868078,0.7265626313085578,0.26549657535659377,0.49654654654654656,0.5888359098755167,0.1354271586851021,0.7056297709923665,0.2272412998386725,0.5
0.2,0.7,0.1,0.0,19980,0.10490490490490491,0.4545045045045045,0.47779880098809574,0.6371348979684174,0.214196385774785,0.6734168691584317,0.2406693050050831,0.5728228228228228,0.5981703441687823,0.14546856073119702,0.6302480916030534,0.2363782768184665,0.5
0.0,0.7,0.3,0.0,19980,0.10490490490490491,0.4752752752752753,0.486563361868541,0.6369130217465908,0.21198104442873128,0.6999836672825327,0.25219580154067733,0.5531531531531532,0.5894993776688106,0.14026958719460825,0.6354961832061069,0.22981366459627328,0.5
0.1,0.1,0.7,0.1,19980,0.10490490490490491,0.46856856856856854,0.482766521559371,0.6367955610029691,0.19569860430024688,0.7299506352226522,0.26328969235096145,0.5582582582582583,0.5889816220221581,0.14056825464644307,0.6278625954198473,0.22970850061092687,0.5
0.1,0.7,0.0,0.2,19980,0.10490490490490491,0.5135135135135135,0.4964553537892608,0.6367683766973251,0.2102273505762219,0.7043310870370438,0.2552275658333213,0.5251251251251251,0.5953232750157504,0.13976608187134504,0.6841603053435115,0.2321139527355131,0.5
0.0,0.2,0.7,0.1,19980,0.10490490490490491,0.4762762762762763,0.4882407513411633,0.6357516996726998,0.19669385990368837,0.7450968357041349,0.2689292192633011,0.5523523523523524,0.5894732337831077,0.1401849516603615,0.6364503816793893,0.2297623148467103,0.5
0.3,0.0,0.7,0.0,19980,0.10490490490490491,0.4444444444444444,0.4657728751568848,0.6356184992427877,0.19386942485571762,0.6937217190431914,0.24894105947427478,0.5781781781781782,0.5912640365988789,0.14346846846846847,0.607824427480916,0.23214285714285715,0.5
0.0,0.4,0.6,0.0,19980,0.10490490490490491,0.4657657657657658,0.48328751384383173,0.6354619827352181,0.2025843682936322,0.7209423431143757,0.2597577420492334,0.5604604604604605,0.5889482218743011,0.14076939608854502,0.625,0.22978424837747763,0.5
0.2,0.1,0.7,0.0,19980,0.10490490490490491,0.4519519519519519,0.4712471049386771,0.6351644759868944,0.1969076373534727,0.7064007105903287,0.2539592965081392,0.5718718718718718,0.5902684347474223,0.1424141749723145,0.6135496183206107,0.23117023188926838,0.5
0.2,0.7,0.0,0.1,19980,0.10490490490490491,0.48018018018018016,0.48493593716856714,0.6351612213398987,0.20817700529099448,0.6839690655957775,0.24572559275634243,0.5522522522522523,0.5974198012296377,0.14300604544506984,0.6545801526717557,0.2347305389221557,0.5
0.0,0.8,0.1,0.1,19980,0.10490490490490491,0.5041541541541541,0.49479244739058204,0.6345638068741559,0.21290624223867377,0.7077467876764858,0.2565535788375972,0.5307807807807807,0.5906906318240878,0.13868758066117343,0.6665076335877863,0.22959980277754952,0.5
0.0,0.0,0.0,1.0,19980,0.10490490490490491,0.6697197197197198,0.5502910782822648,0.6343173874126902,0.18294242473036268,0.8215761778025271,0.3069987670172639,0.39174174174174176,0.5688302350516731,0.12420596367984456,0.7929389312977099,0.21477030432254313,0.5
0.1,0.2,0.7,0.0,19980,0.10490490490490491,0.4588088088088088,0.47672133472046957,0.6342707552573754,0.19769378895070666,0.7204241115131755,0.2593516702566469,0.5666166166166167,0.5907023165403509,0.1420311988654958,0.6211832061068703,0.23119950279676818,0.5
0.0,0.0,0.8,0.2,19980,0.10490490490490491,0.48323323323323325,0.49319398883849513,0.6338079684642847,0.1826679897002598,0.7808954198286308,0.2806712749478848,0.5448948948948948,0.5842545407127528,0.1376488865872605,0.6340648854961832,0.226193515445494,0.5
0.0,0.8,0.2,0.0,19980,0.10490490490490491,0.4818318318318318,0.48765531121011085,0.6337121164425193,0.21132998907682551,0.6997763995798367,0.25251494653887113,0.546996996996997,0.5869029163344437,0.1387763581593435,0.6374045801526718,0.22792800477693423,0.5
0.0,0.3,0.7,0.0,19980,0.10490490490490491,0.466966966966967,0.48219556450226186,0.6330930265613343,0.1972508390432723,0.7360103346905955,0.2651181807197979,0.5598598598598599,0.5898762764618808,0.14105037513397642,0.6278625954198473,0.23035182916156136,0.5
0.1,0.0,0.8,0.1,19980,0.10490490490490491,0.46816816816816814,0.48167457221780124,0.6329366434409366,0.1843922242436618,0.7514603210268088,0.27052408465186834,0.5580580580580581,0.5876062402147171,0.1400470387000214,0.625,0.22882096069868996,0.5
0.0,0.1,0.8,0.1,19980,0.10490490490490491,0.47582582582582583,0.4871488019995936,0.6324169936964423,0.18786732628660188,0.7672626136825512,0.275961461711082,0.5513013013013013,0.5857272418008506,0.13873987588092984,0.629293893129771,0.22735499439800053,0.5
0.1,0.8,0.1,0.0,19980,0.10490490490490491,0.474974974974975,0.4832730307698883,0.6322552484117323,0.21085698980247897,0.6875237812694905,0.24727457787234722,0.5548548548548549,0.5933982313501258,0.14183350895679664,0.642175572519084,0.23234938719143794,0.5
0.3,0.7,0.0,0.0,19980,0.10490490490490491,0.4494494494494494,0.4734165205478732,0.6321716680097866,0.2051826512787897,0.6653073151868362,0.23699065612565712,0.5765765765765766,0.5975294988398517,0.14565701559020044,0.6240458015267175,0.2361863488624052,0.5
0.0,0.8,0.0,0.2,19980,0.10490490490490491,0.5292792792792793,0.5019295835710533,0.6313401590572664,0.2065728949355347,0.7194589793472534,0.26215515816673224,0.5100600600600601,0.588382073361664,0.1362647754137116,0.6875,0.22744850445900086,0.5
0.2,0.0,0.8,0.0,19980,0.10490490490490491,0.4537037037037037,0.47015515559710735,0.6312488955542163,0.18625522040711345,0.7258054711541542,0.2611439308021454,0.5694194194194194,0.587424353467042,0.14109211252068396,0.6102099236641222,0.22919093271212257,0.5
0.1,0.1,0.8,0.0,19980,0.10490490490490491,0.46126126126126127,0.4756293853788997,0.6309526159678744,0.18904026672634355,0.7402812432453225,0.2663341546975271,0.5634634634634634,0.5874668239425919,0.14051649305555555,0.6178435114503816,0.22896039603960397,0.5
0.0,0.2,0.8,0.0,19980,0.10490490490490491,0.4688188188188188,0.4811036151606921,0.6302521999279496,0.1900252792859095,0.7566031361081984,0.271898515307552,0.5573073073073073,0.5869762792790179,0.1397459165154265,0.6245229007633588,0.22838698421006717,0.5
0.1,0.8,0.0,0.1,19980,0.10490490490490491,0.4986986986986987,0.4904101669503595,0.6298858920763325,0.20462222803075336,0.6982319572606823,0.2524060319259213,0.5356356356356357,0.5921390030920214,0.13960256924929748,0.663645038167939,0.2306799336650083,0.5
0.0,0.0,0.9,0.1,19980,0.10490490490490491,0.47437437437437435,0.4860568526580238,0.6288376556468233,0.17674742031246055,0.7980275242735991,0.2844136000760524,0.5522522522522523,0.5852054845390395,0.13863684321586833,0.6269083969465649,0.22706065318818042,0.5
0.0,0.9,0.1,0.0,19980,0.10490490490490491,0.4938938938938939,0.4887472605516806,0.6275964346569325,0.20663659376709897,0.7027976151849138,0.25425398745425454,0.5378378378378378,0.5878937696025788,0.13832590190514796,0.6512404580152672,0.22818455366098295,0.5
0.1,0.0,0.9,0.0,19980,0.10490490490490491,0.4606106106106106,0.47453743603733006,0.6272953798098347,0.17800724481341473,0.7673005016601616,0.2747365350555968,0.5634134134134134,0.5859647243217956,0.13995436270781267,0.6145038167938931,0.22798477741393045,0.5
0.2,0.8,0.0,0.0,19980,0.10490490490490491,0.46911911911911913,0.4788907503296656,0.6272240443502743,0.20153353765560206,0.6788097652962161,0.243423942131404,0.5584084084084084,0.590539637545437,0.14115011202389843,0.6312022900763359,0.23070886738163746,0.5
0.0,0.1,0.9,0.0,19980,0.10490490490490491,0.4673673673673674,0.48001166581912236,0.627115974063558,0.18133289852850354,0.7847687262869043,0.28009874581249566,0.5574574574574575,0.5843224614607112,0.13878774898265153,0.6183206106870229,0.22669232114745497,0.5
0.0,0.9,0.0,0.1,19980,0.10490490490490491,0.5151651651651652,0.4958843967321519,0.624882112417428,0.2014214431684569,0.71366970009472,0.2594606078101434,0.5203703703703704,0.5861389279683661,0.13630622753327504,0.6693702290076335,0.22649124223101139,0.5
0.0,0.0,1.0,0.0,19980,0.10490490490490491,0.4665665665665666,0.4789197164775526,0.6236596856800655,0.17067047564338916,0.8251564908527004,0.28971887223462883,0.5578578578578579,0.5837037584023248,0.13859686762497317,0.6164122137404581,0.22630933613592574,0.5
0.1,0.9,0.0,0.0,19980,0.10490490490490491,0.48953953953953955,0.484364980111458,0.622486852293235,0.19787467433068673,0.6933990116997281,0.25023136485179415,0.5403903903903904,0.5855289751084598,0.13771597996114918,0.6426526717557252,0.22682495579691841,0.5
0.0,1.0,0.0,0.0,19980,0.10490490490490491,0.5054054054054054,0.48983920989325036,0.617987102740989,0.19455064923192744,0.7092079596743522,0.25741292428682744,0.5265265265265265,0.5819964559561961,0.1353733412556942,0.6521946564885496,0.22420862719370183,0.5
